cluster,avg_kw,peak_kw,base_kw,load_factor,variability_cv,peak_hour_mode,peak_to_offpeak_ratio,weekend_weekday_ratio,hvac_share,standby_share,shiftable_share,count
0,1.8721369865171087,8.46697743669845,1.0389754145813526,0.20508886812176264,0.525231329999035,19.5,1.361285499724963,0.9027220948074715,0.3720866429462931,0.39106083098908007,0.23685252606360344,2
1,7.5299967521533695,21.280895660908858,3.5455129913513566,0.3511504379339993,0.45779552029233933,19.666666666666668,2.8288514014291217,0.9989325065353686,0.48023619370064496,0.2545049349236524,0.2652588713754964,3
2,4.176085629682869,12.56372001249878,2.32765480741525,0.3324311667332406,0.45071292496911236,13.8,1.3351012006259042,1.0019183644319796,0.3853231874855221,0.380421962702618,0.23425484981151912,5
3,16.037951561885883,34.837643568490684,8.647895896045167,0.4633838875888029,0.3264113924365497,20.0,2.210157856018945,1.0011499688452266,0.4923943070943624,0.251577744420286,0.2560279484852643,5
4,12.992902211896299,37.62782915261274,6.26001530475705,0.3453042714955979,0.4617608099270954,19.333333333333332,2.5536434316919467,0.7358676755679152,0.4315988125995591,0.2889784506447794,0.2794227367555543,3
5,15.49646354158991,42.023644875519686,6.539421250425963,0.3702330850803701,0.5067198396092918,19.5,3.234564569471465,1.0040079092090959,0.49208989131034775,0.2403263862468808,0.2675837224426818,2
6,7.073227357630709,21.884355725728742,3.4773571001402277,0.3218724059950545,0.4690650635121278,19.0,2.5680108511436637,0.7410518066217048,0.43128983530265086,0.29297410112820244,0.27573606356894653,3
7,6.027161330491431,15.344376614012582,3.1611888298054414,0.39265498514958375,0.34277302927409614,20.5,2.213085621976903,1.0003681657857018,0.5016918210760893,0.24454132286428476,0.25376685605939475,2
