,avg_kw,peak_kw,base_kw,load_factor,variability_cv,peak_hour_mode,peak_to_offpeak_ratio,weekend_weekday_ratio,hvac_share,standby_share,shiftable_share
PC1,-0.35935754019624433,-0.3429609302058235,-0.3474301676924907,-0.29825429050619773,0.19558078981610005,-0.28252948465187927,-0.30587157314903757,0.015325467424963614,-0.3489500743780425,0.3683871742548944,-0.27245973392250006
PC2,0.062161574162256435,-0.09360909229788934,0.14058209120560805,0.35309340450496934,-0.4660106726767943,-0.17140803470021213,-0.31410295811394107,0.5318360677794634,0.12940089390574916,0.018621718723570282,-0.44473217492873024
PC3,-0.3572795005710258,-0.39007832719919733,-0.39856935601781673,-0.09795796967122324,0.007844811624874576,0.2842780248092872,0.28641842496199227,0.3292936021772204,0.40586845880122097,-0.3400393757767528,0.005970909716962014
PC4,0.1777128218422993,0.25626834294333256,0.037837958817901016,-0.0774967571894731,0.5645542707689883,-0.4386119934131541,0.31359280868003997,0.5256080394645113,0.052926145656426435,-0.021475832753875886,-0.07961517665677481
