component,explained_variance_ratio,cumulative_explained_variance
1,0.5782405277876761,0.5782405277876761
2,0.21201468309020233,0.7902552108778784
3,0.0956474946182311,0.8859027054961095
4,0.06240326583028713,0.9483059713263966
